num_agents,fault_count,success,duration,total_distance,avg_distance,gini_index,reallocation_time,cost_efficiency,recovery_count,crashed_count,total_bids,bids_per_auction,wasted_attempts,map_coverage,scenario_tag,scenario,trial
2,0,True,88.96666666666667,59.6154397007445,29.80771985037225,0.0,0.0,2.1125000000000003,0,0,246,2.0,0,3.125,N2_NoFault,Scalability,0
2,0,False,1666.6666666666667,633.1151087024781,316.55755435123905,0.07377049180327869,299.6791666666667,2.3431746031746035,7,0,3942,2.0,0,95.3125,N2_NoFault,Scalability,1
2,0,True,732.6166666666667,377.5069275873737,188.75346379368685,0.013513513513513514,0.0,2.3025641025641033,0,0,3256,2.0,0,57.8125,N2_NoFault,Scalability,2
2,0,True,353.53333333333336,186.75769629256496,93.37884814628248,0.0,0.0,2.197777777777778,0,0,1744,2.0,0,25.0,N2_NoFault,Scalability,3
2,0,True,1095.3333333333333,556.3314904336565,278.16574521682827,0.008771929824561403,0.0,2.3103389830508476,0,0,3876,2.0,0,89.0625,N2_NoFault,Scalability,4
2,0,True,441.75,230.52333538993557,115.26166769496778,0.023809523809523808,0.0,2.279130434782609,0,0,2184,2.0,0,32.8125,N2_NoFault,Scalability,5
2,0,True,927.05,465.45702253373156,232.72851126686578,0.010638297872340425,0.0,2.3267346938775515,0,0,3668,2.0,0,73.4375,N2_NoFault,Scalability,6
2,0,True,1170.6666666666667,591.3166790395635,295.65833951978175,0.00819672131147541,0.0,2.3196774193548384,0,0,3906,2.0,0,95.3125,N2_NoFault,Scalability,7
2,0,False,588.1666666666666,305.01437983091057,152.50718991545529,0.0,0.0,2.3371874999999998,0,2,2986,2.0,0,46.875,N2_NoFault,Scalability,8
2,0,True,350.06666666666666,186.2165097536818,93.1082548768409,0.0,0.0,2.2844444444444445,0,0,1744,2.0,0,25.0,N2_NoFault,Scalability,9
2,0,True,589.9166666666666,301.0219384239475,150.51096921197376,0.0,0.0,2.2778125000000005,0,0,2850,2.0,0,46.875,N2_NoFault,Scalability,10
2,0,True,368.9,192.93495883885325,96.46747941942662,0.0,0.0,2.27,0,0,1926,2.0,0,28.125,N2_NoFault,Scalability,11
2,0,True,79.43333333333334,48.94511794774407,24.472558973872037,0.5,0.0,2.0733333333333337,0,0,124,2.0,0,1.5625,N2_NoFault,Scalability,12
2,0,True,887.9,453.6100560558534,226.8050280279267,0.0,0.0,2.328125,0,0,3634,2.0,0,71.875,N2_NoFault,Scalability,13
2,0,True,338.85,178.0505257725169,89.02526288625845,0.0,0.0,2.2016666666666667,0,0,1744,2.0,0,25.0,N2_NoFault,Scalability,14
2,0,True,500.26666666666665,259.67657501008824,129.83828750504412,0.0,0.0,2.267692307692308,0,0,2424,2.0,0,37.5,N2_NoFault,Scalability,15
2,0,True,876.6666666666666,452.8416858478473,226.42084292392366,0.011111111111111112,0.0,2.3168085106382987,0,0,3600,2.0,0,70.3125,N2_NoFault,Scalability,16
2,0,True,261.48333333333335,146.98627372157094,73.49313686078547,0.0,0.0,2.214166666666667,0,0,1150,2.0,0,15.625,N2_NoFault,Scalability,17
2,0,True,239.21666666666667,134.39049639953492,67.19524819976746,0.0,0.0,2.183333333333333,0,0,1150,2.0,0,15.625,N2_NoFault,Scalability,18
2,0,True,565.7,296.8230575783806,148.4115287891903,0.0,0.0,2.2909999999999995,0,0,2716,2.0,0,43.75,N2_NoFault,Scalability,19
2,0,True,682.7833333333333,352.86494614671733,176.43247307335866,0.0,0.0,2.3041666666666663,0,0,3094,2.0,0,53.125,N2_NoFault,Scalability,20
2,0,True,166.65,91.93835594198413,45.969177970992064,0.0,0.0,2.21625,0,0,714,2.0,0,9.375,N2_NoFault,Scalability,21
2,0,True,424.0833333333333,223.8844587482084,111.9422293741042,0.0,0.0,2.2790909090909084,0,0,2100,2.0,0,31.25,N2_NoFault,Scalability,22
2,0,True,901.7,467.50722000714933,233.75361000357466,0.0,0.0,2.3202083333333334,0,0,3634,2.0,0,71.875,N2_NoFault,Scalability,23
2,0,True,787.1666666666666,404.5039615972636,202.2519807986318,0.0,0.0,2.306190476190477,0,0,3400,2.0,0,62.5,N2_NoFault,Scalability,24
2,0,True,428.31666666666666,228.42897982327514,114.21448991163757,0.02631578947368421,0.0,2.2809523809523813,0,0,2014,2.0,0,29.6875,N2_NoFault,Scalability,25
2,0,True,987.4333333333333,505.6643972254335,252.83219861271675,0.00980392156862745,0.0,2.3232075471698117,0,0,3774,2.0,0,79.6875,N2_NoFault,Scalability,26
2,0,True,874.9166666666666,445.6904484967824,222.8452242483912,0.011111111111111112,0.0,2.320425531914894,0,0,3600,2.0,0,70.3125,N2_NoFault,Scalability,27
2,0,True,763.2,389.7705807447356,194.8852903723678,0.0,0.0,2.316666666666667,0,0,3400,2.0,0,62.5,N2_NoFault,Scalability,28
2,0,False,757.7333333333333,389.9206690819392,194.9603345409696,0.0,0.0,2.3075,0,2,3410,2.0,0,59.375,N2_NoFault,Scalability,29
4,0,True,454.6166666666667,473.14959403831676,118.28739850957919,0.0,0.0,2.3381250000000002,0,0,6780,4.0,0,68.75,N4_NoFault,Scalability,0
4,0,False,1666.6666666666667,380.2372293552251,95.05930733880628,0.1,66.72916666666666,2.2355555555555555,2,0,5196,4.0,1,37.5,N4_NoFault,Scalability,1
4,0,True,265.73333333333335,289.1764310870624,72.2941077717656,0.03571428571428571,0.0,2.1940000000000004,0,0,4200,4.0,0,32.8125,N4_NoFault,Scalability,2
4,0,True,370.8666666666667,395.41570010451034,98.85392502612758,0.0,0.0,2.2541666666666664,0,0,5696,4.0,0,50.0,N4_NoFault,Scalability,3
4,0,True,697.6166666666667,659.0913687867453,164.77284219668633,0.08333333333333333,0.0,2.3682539682539683,0,0,7400,4.0,0,93.75,N4_NoFault,Scalability,4
4,0,True,402.7,426.0715546188343,106.51788865470857,0.02027027027027027,0.0,2.329268292682927,0,0,6216,4.0,0,57.8125,N4_NoFault,Scalability,5
4,0,True,420.93333333333334,397.12435215520605,99.28108803880151,0.12878787878787878,0.0,2.3019444444444446,0,0,5880,4.0,0,51.5625,N4_NoFault,Scalability,6
4,0,True,485.1166666666667,506.2043029949491,126.55107574873728,0.0,0.0,2.331538461538462,0,0,7008,4.0,0,75.0,N4_NoFault,Scalability,7
4,0,True,306.95,327.7353999933729,81.93384999834322,0.03,0.0,2.2006896551724138,0,0,4800,4.0,0,39.0625,N4_NoFault,Scalability,8
4,0,True,90.18333333333334,113.57974825529108,28.39493706382277,0.25,0.0,2.0942857142857148,0,0,708,4.0,0,4.6875,N4_NoFault,Scalability,9
4,0,True,413.78333333333336,442.49104014340753,110.62276003585188,0.019230769230769232,0.0,2.3051162790697677,0,0,6396,4.0,0,60.9375,N4_NoFault,Scalability,10
4,0,True,122.65,149.43465138384977,37.35866284596244,0.16666666666666666,0.0,2.133,0,0,1380,4.0,0,9.375,N4_NoFault,Scalability,11
4,0,True,668.15,641.5914907027443,160.39787267568607,0.0635593220338983,0.0,2.343225806451613,0,0,7384,4.0,0,92.1875,N4_NoFault,Scalability,12
4,0,True,353.85,380.2826945367308,95.0706736341827,0.0,0.0,2.314166666666667,0,0,5696,4.0,0,50.0,N4_NoFault,Scalability,13
4,0,True,650.1666666666666,631.744639653897,157.93615991347426,0.06140350877192982,0.0,2.34322033898305,0,0,7356,4.0,0,89.0625,N4_NoFault,Scalability,14
4,0,True,192.85,219.44828361537506,54.862070903843765,0.07142857142857142,0.0,2.192222222222222,0,0,2996,4.0,0,21.875,N4_NoFault,Scalability,15
4,0,True,442.26666666666665,462.3012098030607,115.57530245076518,0.019230769230769232,0.0,2.29046511627907,0,0,6396,4.0,0,60.9375,N4_NoFault,Scalability,16
4,0,True,725.1333333333333,588.6148504426847,147.15371261067116,0.20833333333333334,0.0,2.2870000000000004,0,0,7188,4.0,0,75.0,N4_NoFault,Scalability,17
4,0,True,479.1166666666667,502.6591681732782,125.66479204331955,0.016666666666666666,0.0,2.3010204081632657,0,0,6840,4.0,0,70.3125,N4_NoFault,Scalability,18
4,0,True,87.1,111.14969107043383,27.787422767608458,0.0,0.0,2.1100000000000003,0,0,936,4.0,0,6.25,N4_NoFault,Scalability,19
4,0,True,302.46666666666664,320.22013972022035,80.05503493005509,0.03,0.0,2.271034482758621,0,0,4800,4.0,0,39.0625,N4_NoFault,Scalability,20
4,0,True,449.26666666666665,476.8666686225887,119.21666715564717,0.018292682926829267,0.0,2.329777777777778,0,0,6560,4.0,0,64.0625,N4_NoFault,Scalability,21
4,0,True,300.98333333333335,320.76411525220766,80.19102881305191,0.027777777777777776,0.0,2.2274193548387102,0,0,5076,4.0,0,42.1875,N4_NoFault,Scalability,22
4,0,True,488.46666666666664,443.2983746747092,110.8245936686773,0.12162162162162163,100.28958333333333,2.302439024390244,5,2,6568,4.0,0,57.8125,N4_NoFault,Scalability,23
4,0,True,377.8333333333333,397.99520717703183,99.49880179425796,0.022727272727272728,0.0,2.325135135135135,0,0,5808,4.0,0,51.5625,N4_NoFault,Scalability,24
4,0,True,382.7,410.2456009399757,102.56140023499393,0.029411764705882353,0.0,2.3142105263157897,0,0,5916,4.0,0,53.125,N4_NoFault,Scalability,25
4,0,True,529.4,557.5621731692082,139.39054329230206,0.02,0.0,2.3381481481481483,0,0,7100,4.0,0,78.125,N4_NoFault,Scalability,26
4,0,True,466.68333333333334,485.4171972403645,121.35429931009112,0.016666666666666666,0.0,2.3167346938775513,0,0,6840,4.0,0,70.3125,N4_NoFault,Scalability,27
4,0,True,393.78333333333336,395.9243985987066,98.98109964967665,0.045454545454545456,86.96875,2.3383783783783785,1,1,5976,4.0,0,51.5625,N4_NoFault,Scalability,28
4,0,True,298.56666666666666,308.78602506782374,77.19650626695594,0.0,0.0,2.258518518518519,0,0,4668,4.0,0,37.5,N4_NoFault,Scalability,29
8,0,True,96.88333333333334,240.68771142928398,30.085963928660497,0.09722222222222222,0.0,2.1500000000000004,0,0,3744,8.0,0,14.0625,N8_NoFault,Scalability,0
8,0,True,283.05,605.1280003314346,75.64100004142932,0.0,0.0,2.265555555555556,0,0,12504,8.0,0,75.0,N8_NoFault,Scalability,1
8,0,True,228.58333333333334,443.87967781089407,55.48495972636176,0.1810344827586207,33.88482142857142,2.2122222222222225,22,1,10984,8.0,1,43.75,N8_NoFault,Scalability,2
8,0,True,153.53333333333333,348.52257854150446,43.56532231768806,0.03804347826086957,0.0,2.166451612903226,0,0,8280,8.0,0,35.9375,N8_NoFault,Scalability,3
8,0,True,318.93333333333334,635.029872568065,79.37873407100813,0.09,0.0,2.3455357142857145,0,0,12968,8.0,0,78.125,N8_NoFault,Scalability,4
8,0,True,498.8833333333333,685.509952853256,85.688744106657,0.37037037037037035,62.897916666666674,2.3266666666666667,48,2,15768,8.0,1,82.8125,N8_NoFault,Scalability,5
8,0,True,328.6,631.9279246719796,78.99099058399744,0.0625,0.0,2.308679245283019,0,0,12792,8.0,0,75.0,N8_NoFault,Scalability,6
8,0,True,343.81666666666666,521.5476918404651,65.19346148005813,0.375,46.69392857142858,2.2532558139534884,30,3,13376,8.0,0,54.6875,N8_NoFault,Scalability,7
8,0,True,206.48333333333332,460.9923716028078,57.624046450350974,0.0,0.0,2.2760000000000007,0,0,10368,8.0,0,50.0,N8_NoFault,Scalability,8
8,0,True,235.65,493.8951989311187,61.73689986638984,0.05555555555555555,0.0,2.2422500000000007,0,0,11192,8.0,0,56.25,N8_NoFault,Scalability,9
8,0,True,159.5,355.66110016072116,44.457637520090145,0.03804347826086957,0.0,2.1803225806451616,0,0,8280,8.0,0,35.9375,N8_NoFault,Scalability,10
8,0,True,48.96666666666667,144.6137461453108,18.07671826816385,0.0,0.0,2.0,0,0,0,0.0,0,0.0,N8_NoFault,Scalability,11
8,0,True,274.95,542.9497374998334,67.86871718747918,0.07142857142857142,0.0,2.289574468085107,0,0,12192,8.0,0,65.625,N8_NoFault,Scalability,12
8,0,True,238.43333333333334,528.647232550206,66.08090406877575,0.022435897435897436,0.0,2.3674468085106386,0,0,11544,8.0,0,60.9375,N8_NoFault,Scalability,13
8,0,True,229.78333333333333,497.9789381594481,62.24736726993101,0.05555555555555555,0.0,2.2363636363636368,0,0,11088,8.0,0,56.25,N8_NoFault,Scalability,14
8,0,False,1666.6666666666667,1001.1323852802983,125.14154816003729,0.1326923076923077,89.23630952380951,2.382898550724638,11,0,13912,8.0,1,100.0,N8_NoFault,Scalability,15
8,0,True,349.96666666666664,684.1687909714306,85.52109887142882,0.10185185185185185,0.0,2.3455000000000004,0,0,13168,8.0,0,84.375,N8_NoFault,Scalability,16
8,0,True,314.8666666666667,643.2581372004801,80.40726715006001,0.04807692307692308,0.0,2.320701754385965,0,0,12896,8.0,0,81.25,N8_NoFault,Scalability,17
8,0,True,108.86666666666666,223.70768158337094,27.963460197921368,0.25,19.3984375,2.11125,2,2,4632,8.0,0,12.5,N8_NoFault,Scalability,18
8,0,True,128.9,297.8902806292244,37.23628507865305,0.0625,0.0,2.1758333333333337,0,0,6208,8.0,0,25.0,N8_NoFault,Scalability,19
8,0,True,383.76666666666665,721.8535533658163,90.23169417072704,0.10344827586206896,74.48078703703703,2.324603174603175,14,2,14040,8.0,3,85.9375,N8_NoFault,Scalability,20
8,0,True,78.96666666666667,202.24314226745187,25.280392783431484,0.125,0.0,2.1046666666666662,0,0,2968,8.0,0,10.9375,N8_NoFault,Scalability,21
8,0,False,748.75,939.2261792065199,117.40327240081498,0.34423076923076923,68.22895480225989,2.343283582089552,59,2,15896,8.0,1,100.0,N8_NoFault,Scalability,22
8,0,True,160.45,365.29241201405705,45.66155150175713,0.0,0.0,2.193437500000001,0,0,8544,8.0,0,37.5,N8_NoFault,Scalability,23
8,0,True,39.0,105.99015415740303,13.248769269675378,0.0,0.0,2.0,0,0,0,0.0,0,0.0,N8_NoFault,Scalability,24
8,0,True,133.08333333333334,304.86048325439975,38.10756040679997,0.0,0.0,2.170833333333334,0,0,6208,8.0,0,25.0,N8_NoFault,Scalability,25
8,0,True,323.8666666666667,622.2646949338406,77.78308686673007,0.08,61.321813725490195,2.3169090909090913,13,1,13808,8.0,3,73.4375,N8_NoFault,Scalability,26
8,0,True,167.51666666666668,371.2960700488992,46.4120087561124,0.035,0.0,2.2263636363636365,0,0,8800,8.0,0,39.0625,N8_NoFault,Scalability,27
8,0,True,42.766666666666666,127.85872975732511,15.982341219665638,0.0,0.0,2.0,0,0,0,0.0,0,0.0,N8_NoFault,Scalability,28
8,0,True,235.86666666666667,512.3413566951572,64.04266958689465,0.039473684210526314,0.0,2.286363636363637,0,0,11504,8.0,0,59.375,N8_NoFault,Scalability,29
8,1,True,127.71666666666667,260.9074747387595,32.61343434234494,0.125,0.0,2.1917391304347826,0,0,5880,8.0,0,23.4375,Fault_1,FaultTolerance,0
8,1,True,220.7,433.72084777198444,54.215105971498055,0.13257575757575757,0.0,2.257073170731708,0,0,10560,8.0,0,51.5625,Fault_1,FaultTolerance,1
8,1,True,159.75,313.8438006078949,39.23047507598686,0.125,0.0,2.17448275862069,0,0,7728,8.0,0,32.8125,Fault_1,FaultTolerance,2
8,1,True,546.9,705.914811593448,88.239351449181,0.375,33.92716049382717,2.2911290322580653,46,2,15816,8.0,0,87.5,Fault_1,FaultTolerance,3
8,1,True,460.53333333333336,732.8663871069335,91.60829838836669,0.18253968253968253,20.84816666666666,2.309701492537314,22,0,14296,8.0,3,93.75,Fault_1,FaultTolerance,4
8,1,True,184.43333333333334,367.09547444258396,45.886934305322995,0.125,0.0,2.188709677419355,0,0,8280,8.0,0,35.9375,Fault_1,FaultTolerance,5
8,1,True,46.11666666666667,126.46775386911492,15.808469233639364,0.0,0.0,2.0,0,0,0,0.0,0,0.0,Fault_1,FaultTolerance,6
8,1,True,41.21666666666667,117.58804815958914,14.698506019948642,0.0,0.0,2.0,0,0,0,0.0,0,0.0,Fault_1,FaultTolerance,7
8,1,True,57.71666666666667,147.33648052245053,18.417060065306316,0.875,0.0,2.0255555555555556,0,0,448,8.0,0,1.5625,Fault_1,FaultTolerance,8
8,1,True,307.3833333333333,576.6346543823071,72.07933179778838,0.125,7.013257575757574,2.3042592592592595,5,0,12952,8.0,1,71.875,Fault_1,FaultTolerance,9
8,1,True,126.55,261.39048720231034,32.67381090028879,0.125,0.0,2.1713636363636364,0,0,5544,8.0,0,21.875,Fault_1,FaultTolerance,10
8,1,True,163.85,333.4068696299152,41.6758587037394,0.15,0.0,2.170714285714286,0,0,7440,8.0,0,31.25,Fault_1,FaultTolerance,11
8,1,True,49.38333333333333,137.01636441106677,17.127045551383347,0.0,0.0,2.0,0,0,0,0.0,0,0.0,Fault_1,FaultTolerance,12
8,1,True,392.3333333333333,673.1212743976072,84.1401592997009,0.125,13.109374999999996,2.2979661016949153,13,0,13800,8.0,2,82.8125,Fault_1,FaultTolerance,13
8,1,False,1666.6666666666667,932.9428266823076,116.61785333528844,0.15625,21.690416666666657,2.288153846153846,20,0,13840,8.0,1,98.4375,Fault_1,FaultTolerance,14
8,1,True,143.63333333333333,296.3809632202237,37.04762040252796,0.125,0.0,2.1443478260869564,0,0,5880,8.0,0,23.4375,Fault_1,FaultTolerance,15
8,1,True,170.7,343.0077495381475,42.87596869226844,0.125,0.0,2.1734482758620692,0,0,7728,8.0,0,32.8125,Fault_1,FaultTolerance,16
8,1,True,50.25,125.9257713965753,15.740721424571912,0.0,0.0,2.0,0,0,0,0.0,0,0.0,Fault_1,FaultTolerance,17
8,1,True,228.8,447.0039009026398,55.87548761282998,0.125,0.0,2.1930000000000005,0,0,10368,8.0,0,50.0,Fault_1,FaultTolerance,18
8,1,True,384.15,684.4197277087459,85.55246596359324,0.12938596491228072,13.04259259259259,2.3787096774193546,14,0,13768,8.0,2,85.9375,Fault_1,FaultTolerance,19
8,1,True,171.05,337.38993159653467,42.17374144956683,0.125,0.0,2.172333333333334,0,0,8008,8.0,0,34.375,Fault_1,FaultTolerance,20
8,1,True,76.88333333333334,177.9260082149255,22.240751026865688,0.375,0.0,2.086923076923077,0,0,2160,8.0,0,7.8125,Fault_1,FaultTolerance,21
8,1,True,83.01666666666667,182.52750282733544,22.81593785341693,0.25,0.0,2.0957142857142856,0,0,2568,8.0,0,9.375,Fault_1,FaultTolerance,22
8,1,True,96.6,212.4701836006135,26.558772950076687,0.125,0.0,2.1118750000000004,0,0,3360,8.0,0,12.5,Fault_1,FaultTolerance,23
8,1,True,354.6333333333333,620.8081264306163,77.60101580382704,0.14583333333333334,33.132916666666674,2.2979245283018868,4,2,13752,8.0,3,70.3125,Fault_1,FaultTolerance,24
8,1,True,570.2833333333333,737.4247072063396,92.17808840079245,0.2,68.94185606060606,2.3317187500000003,17,1,14512,8.0,2,90.625,Fault_1,FaultTolerance,25
8,1,True,469.43333333333334,682.4497032521424,85.3062129065178,0.2037037037037037,79.96416666666667,2.355967741935484,10,5,14712,8.0,0,84.375,Fault_1,FaultTolerance,26
8,1,False,1666.6666666666667,1006.8154729620445,125.85193412025556,0.27205882352941174,73.5540064102564,2.2866666666666666,26,0,14912,8.0,4,100.0,Fault_1,FaultTolerance,27
8,1,True,385.06666666666666,668.1543457794365,83.51929322242957,0.125,14.442187499999996,2.2935000000000003,12,2,14088,8.0,3,81.25,Fault_1,FaultTolerance,28
8,1,True,124.93333333333334,261.5686884369419,32.69608605461774,0.20833333333333334,0.0,2.133,0,2,5680,8.0,0,18.75,Fault_1,FaultTolerance,29
8,2,True,312.26666666666665,514.5378590442235,64.31723238052794,0.25,5.706818181818179,2.2696000000000005,4,0,12840,8.0,0,65.625,Fault_2,FaultTolerance,0
8,2,True,556.1166666666667,736.0775181255908,92.00968976569885,0.26666666666666666,29.507371794871794,2.3155384615384618,23,0,14680,8.0,2,90.625,Fault_2,FaultTolerance,1
8,2,True,188.51666666666668,335.18347211518216,41.89793401439777,0.25,0.0,2.206551724137931,0,0,7728,8.0,0,32.8125,Fault_2,FaultTolerance,2
8,2,True,973.5666666666667,807.5541352884707,100.94426691105883,0.3392857142857143,68.1657608695652,2.280327868852459,22,2,15176,8.0,0,87.5,Fault_2,FaultTolerance,3
8,2,True,131.76666666666668,245.484872831224,30.685609103903,0.25,0.0,2.1424999999999996,0,1,5264,8.0,0,18.75,Fault_2,FaultTolerance,4
8,2,True,459.7,647.528996304956,80.9411245381195,0.30092592592592593,21.951449275362314,2.2923333333333336,19,0,14304,8.0,1,82.8125,Fault_2,FaultTolerance,5
8,2,False,1666.6666666666667,816.3197823265359,102.03997279081699,0.30223880597014924,104.22338709677419,2.3136619718309865,25,0,15328,8.0,3,100.0,Fault_2,FaultTolerance,6
8,2,True,224.38333333333333,390.75482759124844,48.844353448906055,0.25,0.0,2.2184848484848487,0,0,8800,8.0,0,39.0625,Fault_2,FaultTolerance,7
8,2,True,210.1,367.0740815858496,45.8842601982312,0.25,0.0,2.195625,0,0,8544,8.0,0,37.5,Fault_2,FaultTolerance,8
8,2,True,294.4166666666667,495.99796638496497,61.99974579812062,0.25,2.168749999999998,2.2890909090909095,1,0,11896,8.0,0,56.25,Fault_2,FaultTolerance,9
8,2,True,238.1,398.9299628048847,49.86624535061059,0.25,0.0,2.2270270270270274,0,0,9960,8.0,0,46.875,Fault_2,FaultTolerance,10
8,2,True,680.5166666666667,753.4949585463452,94.18686981829315,0.2543859649122807,28.60113636363636,2.2415000000000007,21,0,14712,8.0,2,85.9375,Fault_2,FaultTolerance,11
8,2,True,214.65,375.0829705457946,46.88537131822432,0.25,0.0,2.2339393939393943,0,0,8800,8.0,0,39.0625,Fault_2,FaultTolerance,12
8,2,True,433.8,698.3440361606631,87.29300452008289,0.25,16.02083333333333,2.292096774193549,22,0,13944,8.0,0,90.625,Fault_2,FaultTolerance,13
8,2,True,149.8,275.19605196834857,34.39950649604357,0.25,0.0,2.152727272727273,0,0,5544,8.0,0,21.875,Fault_2,FaultTolerance,14
8,2,True,430.3666666666667,538.8855224476499,67.36069030595624,0.3108108108108108,30.073697916666664,2.283333333333334,11,1,13240,8.0,2,54.6875,Fault_2,FaultTolerance,15
8,2,True,422.95,641.64070191477,80.20508773934625,0.25,16.464374999999997,2.2413793103448283,15,0,14064,8.0,1,79.6875,Fault_2,FaultTolerance,16
8,2,True,117.15,233.8303358617248,29.2287919827156,0.25,0.0,2.113125,0,0,3360,8.0,0,12.5,Fault_2,FaultTolerance,17
8,2,True,197.25,348.78162506042844,43.597703132553555,0.25,0.0,2.2215625,0,0,8544,8.0,0,37.5,Fault_2,FaultTolerance,18
8,2,True,44.78333333333333,113.19867872586373,14.149834840732966,0.0,0.0,2.0,0,0,0,0.0,0,0.0,Fault_2,FaultTolerance,19
8,2,True,108.41666666666667,210.42648605023365,26.303310756279206,0.25,0.0,2.106,0,0,2968,8.0,0,10.9375,Fault_2,FaultTolerance,20
8,2,True,147.68333333333334,265.8166754566081,33.22708443207601,0.25,0.0,2.166363636363636,0,0,5544,8.0,0,21.875,Fault_2,FaultTolerance,21
8,2,True,34.233333333333334,86.78758075869379,10.848447594836724,0.0,0.0,2.0,0,0,0,0.0,0,0.0,Fault_2,FaultTolerance,22
8,2,True,435.15,624.8590631391785,78.10738289239731,0.255,61.08946078431374,2.320714285714286,9,1,14240,8.0,1,76.5625,Fault_2,FaultTolerance,23
8,2,True,569.0666666666667,715.2361242719817,89.40451553399771,0.2627118644067797,26.597833333333334,2.3125396825396827,23,0,14784,8.0,2,89.0625,Fault_2,FaultTolerance,24
8,2,True,169.01666666666668,307.77109628981174,38.47138703622647,0.25735294117647056,0.0,2.164,0,0,6528,8.0,0,26.5625,Fault_2,FaultTolerance,25
8,2,True,78.13333333333334,165.38407276518498,20.673009095648123,0.25,0.0,2.096428571428571,0,0,2568,8.0,0,9.375,Fault_2,FaultTolerance,26
8,2,True,166.78333333333333,297.29289272515456,37.16161159064432,0.2638888888888889,0.0,2.161923076923077,0,0,6840,8.0,0,28.125,Fault_2,FaultTolerance,27
8,2,True,259.18333333333334,428.86135249792426,53.60766906224053,0.25,0.0,2.2248648648648652,0,0,10544,8.0,0,46.875,Fault_2,FaultTolerance,28
8,2,True,177.7,315.61817696942956,39.452272121178694,0.25,0.0,2.2100000000000004,0,0,7440,8.0,0,31.25,Fault_2,FaultTolerance,29
